<?xml version="1.0" encoding="UTF-8" standalone="yes"?>
<addon id="plugin.video.torquelite" name="[COLORlime]Torque Lite[/COLOR]" version="9.7" provider-name="RacesonDemand">
  <requires>
    <import addon="xbmc.python" version="3.0.0" />
    <import addon="script.module.requests" />
    <import addon="script.module.routing"/>
    <import addon="script.module.unidecode" />
    <import addon="script.module.tzlocal" />
    <import addon="script.module.jetextractors" />
    <import addon="script.module.inputstreamhelper" />
    <import addon="script.module.resolveurl"/>
    <import addon="script.module.pyamf" />
    <import addon="script.module.pycryptodome" optional="true" />
    <import addon="script.module.microjenscrapers" optional="true" />
  </requires>
  <extension point="xbmc.python.pluginsource" library="default.py">
    <provides>video</provides>
  </extension>
  <extension point="xbmc.addon.metadata">
    <summary lang="en_GB">Motorsport Replays and Live Races.Start you're engines! Credits to the Jen Team</summary>
    <platform>all</platform>
    <language>en</language>
    <license>GPL-2.0-or-later</license>
	<assets>
		<icon>icon.png</icon>
		<fanart>fanart.jpg</fanart>
  </assets>
  </extension>
</addon>