<?xml version="1.0" encoding="UTF-8" standalone="yes"?>
<addon id="repository.gsports" name="[COLOR orangered]G-Sports Repository[/COLOR]" version="1.0.0" provider-name="G-Man">
<extension point="xbmc.addon.repository" name="G-Sport Repository">
    <dir>
        <info compressed="false">https://github.com/mrgsi/repository.gsports/raw/master/addons.xml</info>
        <checksum>https://github.com/mrgsi/repository.gsports/raw/master/addons.xml.md5</checksum>
        <datadir zip="true">https://raw.githubusercontent.com/mrgsi/repository.gsports/master/</datadir>
    </dir>  
    <dir>
		<info compressed="false">https://raw.githubusercontent.com/arxtic-ape/repo.arxtic-ape/master/addons.xml</info>
		<checksum>https://raw.githubusercontent.com/arxtic-ape/repo.arxtic-ape/master/addons.xml.md5</checksum>
		<datadir zip="false">https://raw.github.com/arxtic-ape/repo.arxtic-ape/master/</datadir>
	</dir>
    <dir>
		<info compressed="false">https://loopaddon.uk/zips19/addons.xml</info>
	    <checksum>https://loopaddon.uk/zips19/addons.xml.md5</checksum>
		<datadir zip="true">https://loopaddon.uk/zips19/</datadir>
    </dir>
    <dir>
		<info compressed="false">https://mullafabz.xyz/Plugins/K19/Plugins/addons.xml</info>
		<checksum>https://mullafabz.xyz/Plugins/K19/Plugins/addons.xml.md5</checksum>
		<datadir zip="true">https://mullafabz.xyz/Plugins/K19/Plugins/</datadir>
	</dir>
    <dir minversion="19.0.0">
        <info compressed="false">https://raw.githubusercontent.com/centry7/centry7.github.io/main/matrix/zips/addons.xml</info>
        <checksum>https://raw.githubusercontent.com/centry7/centry7.github.io/main/matrix/zips/addons.xml.md5</checksum>
        <datadir zip="true">https://raw.githubusercontent.com/centry7/centry7.github.io/main/matrix/zips/</datadir>
    </dir>
	<dir>
		<info compressed="false">https://raw.githubusercontent.com/Gujal00/smrzips/master/addons.xml</info>
		<checksum>https://raw.githubusercontent.com/Gujal00/smrzips/master/addons.xml.md5</checksum>
		<datadir zip="true">https://raw.githubusercontent.com/Gujal00/smrzips/master/zips/</datadir>
    </dir>
</extension>
<extension point="xbmc.addon.metadata">
	<summary>Sports Add-ons</summary>
    <description>A collection of Add-on Repos which focus on only Sports.</description>
    <platform>all</platform>
    <assets>
        <icon>icon.png</icon>
    </assets>
</extension>
</addon>