<?xml version="1.0" encoding="UTF-8" standalone="yes" ?>
<addon id="plugin.video.watchwrestling" name="Watch Wrestling" version="1.8.0" provider-name="G-Man">
    <requires>
        <import addon="xbmc.python" version="3.0.0" />
        <import addon="script.module.requests" />
        <import addon="script.module.six"/>
        <import addon="script.module.resolveurl" version="5.0.00"/>
    </requires>
    <extension point="xbmc.python.pluginsource" library="main.py">
        <provides>video</provides>
    </extension>
    <extension point="xbmc.addon.metadata">
        <description lang="en">Watch Wrestling from WWE to UFC[CR]All coding by mbebe, small mods by G-Man</description>
        <disclaimer lang="en">https://watchwrestling.ae/</disclaimer>	
        <summary lang="en">WWE and MMA Wrestling</summary>
        <language>en</language>
        <platform>all</platform>
        <license>GNU GENERAL PUBLIC LICENSE. Version 2, June 1991</license>
        <website></website>
        <assets>
            <icon>icon.png</icon>
            <fanart>fanart.jpg</fanart>
        </assets>
    </extension>
</addon>
