<?xml version="1.0" encoding="UTF-8" standalone="yes" ?>
<addon id="plugin.video.prowrestling" name="Watch Pro Wrestling" version="1.0.0" provider-name="G-Man">
    <requires>
        <import addon="script.module.requests" />
        <import addon="script.module.six"/>
        <import addon="script.module.resolveurl" version="5.0.00"/>
    </requires>
    <extension point="xbmc.python.pluginsource" library="main.py">
        <provides>video</provides>
    </extension>
    <extension point="xbmc.addon.metadata">
        <description lang="en">Includes Wrestling, MMA and Boxing via the website: watchprowrestling.org[CR]Original coding by mbebe. This fork only has a very minor edit in coding from the original, which had a broken link, as well as a new icon. I take no credit for how it works.[CR]Any issues with this add-on will be due to maintenance on the source website.</description>
        <disclaimer lang="en"></disclaimer>	
        <summary lang="en">Watchprowrestling.org</summary>
        <language>en</language>
        <platform>all</platform>
        <license>GNU GENERAL PUBLIC LICENSE. Version 2, June 1991</license>
        <website></website>
        <assets>
            <icon>icon.png</icon>
            <fanart>fanart.jpg</fanart>
        </assets>
    </extension>
</addon>
