<?xml version="1.0" encoding="UTF-8" standalone="yes"?>
<addon id="script.module.pyairtable" name="pyairtable" version="1.4.0">
  <requires>
    <import addon="xbmc.python" version="3.0.0"/>
    <import addon="script.module.requests" />
  </requires>
  <extension point="xbmc.python.module" library="lib" />
  <extension point="xbmc.addon.metadata">
    <summary lang="en_GB">Python Client for the Airtable API</summary>
    <description lang="en_GB">Python Client for the Airtable API</description>
    <license>MIT</license>
    <platform>all</platform>
    <website>https://pyairtable.readthedocs.io/</website>
    <source>https://github.com/gtalarico/pyairtable</source>
    <assets>
      <icon>resources/icon.png</icon>
    </assets>
  </extension>
</addon>
